<?xml version="1.0" encoding="UTF-8"?>
<project-private xmlns="http://www.netbeans.org/ns/project-private/1">
    <editor-bookmarks xmlns="http://www.netbeans.org/ns/editor-bookmarks/2" lastBookmarkId="0"/>
    <open-files xmlns="http://www.netbeans.org/ns/projectui-open-files/2">
        <group>
            <file>file:/D:/MEGA/Tananyagok/Java%20JDBC/09%20Leltár%202/Források/leltar/src/leltar/DB.java</file>
            <file>file:/D:/MEGA/Tananyagok/Java%20JDBC/09%20Leltár%202/Források/leltar/src/leltar/FXMLDocumentController.java</file>
        </group>
    </open-files>
</project-private>
