-- phpMyAdmin SQL Dump
-- version 4.6.4
-- https://www.phpmyadmin.net/
--
-- Gép: 127.0.0.1
-- Létrehozás ideje: 2019. Már 16. 12:50
-- Kiszolgáló verziója: 5.7.14
-- PHP verzió: 5.6.25

SET SQL_MODE = "NO_AUTO_VALUE_ON_ZERO";
SET time_zone = "+00:00";


/*!40101 SET @OLD_CHARACTER_SET_CLIENT=@@CHARACTER_SET_CLIENT */;
/*!40101 SET @OLD_CHARACTER_SET_RESULTS=@@CHARACTER_SET_RESULTS */;
/*!40101 SET @OLD_COLLATION_CONNECTION=@@COLLATION_CONNECTION */;
/*!40101 SET NAMES utf8mb4 */;

--
-- Adatbázis: `tarsashaz`
--

-- --------------------------------------------------------

--
-- Tábla szerkezet ehhez a táblához `befizetesek`
--

CREATE TABLE `befizetesek` (
  `befizid` int(11),
  `lakasid` varchar(3) NOT NULL,
  `datum` date NOT NULL,
  `osszeg` int(11) NOT NULL
) ENGINE=InnoDB;

--
-- A tábla adatainak kiíratása `befizetesek`
--

INSERT INTO `befizetesek` (`befizid`, `lakasid`, `datum`, `osszeg`) VALUES
(1, 'A1', '2018-01-04', 13500),
(2, 'A2', '2018-01-04', 13500),
(3, 'A3', '2018-01-04', 9000),
(4, 'A4', '2018-01-04', 9000),
(5, 'A5', '2018-01-04', 9000),
(6, 'B1', '2018-01-04', 13500),
(7, 'B2', '2018-01-04', 13500),
(8, 'B3', '2018-01-04', 9000),
(9, 'B4', '2018-01-04', 9000),
(10, 'B5', '2018-01-04', 9000),
(11, 'A1', '2018-02-04', 13500),
(12, 'A2', '2018-02-04', 13500),
(13, 'A3', '2018-02-04', 9000),
(14, 'A4', '2018-02-04', 9000),
(15, 'A5', '2018-02-04', 9000),
(16, 'B1', '2018-02-04', 13500),
(17, 'B2', '2018-02-04', 13500),
(18, 'B3', '2018-02-04', 9000),
(19, 'B4', '2018-02-04', 9000),
(20, 'B5', '2018-02-04', 9000),
(21, 'A1', '2018-03-04', 13500),
(22, 'A2', '2018-03-04', 13500),
(23, 'A3', '2018-03-04', 9000),
(24, 'A4', '2018-03-04', 9000),
(25, 'A5', '2018-03-04', 9000),
(26, 'B1', '2018-03-04', 13500),
(27, 'B2', '2018-03-04', 13500),
(28, 'B3', '2018-03-04', 9000),
(29, 'B4', '2018-03-04', 9000),
(30, 'B5', '2018-03-04', 9000),
(31, 'A1', '2018-04-04', 13500),
(32, 'A2', '2018-04-04', 13500),
(33, 'A3', '2018-04-04', 9000),
(34, 'A4', '2018-04-04', 9000),
(35, 'A5', '2018-04-04', 9000),
(36, 'B1', '2018-04-04', 13500),
(37, 'B2', '2018-04-04', 13500),
(38, 'B3', '2018-04-04', 9000),
(39, 'B4', '2018-04-04', 9000),
(40, 'B5', '2018-04-04', 9000),
(41, 'A1', '2018-05-04', 13500),
(42, 'A2', '2018-05-04', 13500),
(43, 'A3', '2018-05-04', 9000),
(44, 'A4', '2018-05-04', 9000),
(45, 'A5', '2018-05-04', 9000),
(46, 'B1', '2018-05-04', 13500),
(47, 'B2', '2018-05-04', 13500),
(48, 'B3', '2018-05-04', 9000),
(49, 'B4', '2018-05-04', 9000),
(50, 'B5', '2018-05-04', 9000),
(51, 'A1', '2018-06-04', 13500),
(52, 'A2', '2018-06-04', 13500),
(53, 'A3', '2018-06-04', 9000),
(54, 'A4', '2018-06-04', 9000),
(55, 'A5', '2018-06-04', 9000),
(56, 'B1', '2018-06-04', 13500),
(57, 'B2', '2018-06-04', 13500),
(58, 'B3', '2018-06-04', 9000),
(59, 'B4', '2018-06-04', 9000),
(60, 'B5', '2018-06-04', 9000),
(61, 'A1', '2018-07-04', 13500),
(62, 'A2', '2018-07-04', 13500),
(63, 'A3', '2018-07-04', 9000),
(64, 'A4', '2018-07-04', 9000),
(65, 'A5', '2018-07-04', 9000),
(66, 'B1', '2018-07-04', 13500),
(67, 'B2', '2018-07-04', 13500),
(68, 'B3', '2018-07-04', 9000),
(69, 'B4', '2018-07-04', 9000),
(70, 'B5', '2018-07-04', 9000),
(71, 'A1', '2018-08-04', 13500),
(72, 'A2', '2018-08-04', 13500),
(73, 'A3', '2018-08-04', 9000),
(74, 'A4', '2018-08-04', 9000),
(75, 'A5', '2018-08-04', 9000),
(76, 'B1', '2018-08-04', 13500),
(77, 'B2', '2018-08-04', 13500),
(78, 'B3', '2018-08-04', 9000),
(79, 'B4', '2018-08-04', 9000),
(80, 'B5', '2018-08-04', 9000),
(81, 'A1', '2018-09-04', 13500),
(82, 'A2', '2018-09-04', 13500),
(83, 'A3', '2018-09-04', 9000),
(84, 'A4', '2018-09-04', 9000),
(85, 'A5', '2018-09-04', 9000),
(86, 'B1', '2018-09-04', 13500),
(87, 'B2', '2018-09-04', 13500),
(88, 'B3', '2018-09-04', 9000),
(89, 'B4', '2018-09-04', 9000),
(90, 'B5', '2018-09-04', 9000),
(91, 'A1', '2018-10-04', 13500),
(92, 'A2', '2018-10-04', 13500),
(93, 'A3', '2018-10-04', 9000),
(94, 'A4', '2018-10-04', 9000),
(95, 'A5', '2018-10-04', 9000),
(96, 'B1', '2018-10-04', 13500),
(97, 'B3', '2018-10-04', 9000),
(98, 'B4', '2018-10-04', 9000),
(99, 'B5', '2018-10-04', 9000),
(100, 'A1', '2018-11-04', 15000),
(101, 'A2', '2018-11-04', 13500),
(102, 'A3', '2018-11-04', 9000),
(103, 'A4', '2018-11-04', 9000),
(104, 'A5', '2018-11-04', 9000),
(105, 'B1', '2018-11-04', 14000),
(106, 'B2', '2018-11-04', 13500),
(107, 'B3', '2018-11-04', 9000),
(108, 'B4', '2018-11-04', 9000),
(109, 'B5', '2018-11-04', 9000),
(110, 'A1', '2018-12-04', 13500),
(111, 'A2', '2018-12-04', 13500),
(112, 'A3', '2018-12-04', 9000),
(113, 'A4', '2018-12-04', 9000),
(114, 'A5', '2018-12-04', 9000),
(115, 'B1', '2018-12-04', 13500),
(116, 'B2', '2018-12-04', 13500),
(117, 'B3', '2018-12-04', 9000),
(118, 'B4', '2018-12-04', 9000),
(119, 'B5', '2018-12-04', 9000),
(120, 'A1', '2019-01-04', 14400),
(121, 'A2', '2019-01-04', 14400),
(122, 'A3', '2019-01-04', 9600),
(123, 'A4', '2019-01-04', 9600),
(124, 'A5', '2019-01-04', 9600),
(125, 'B1', '2019-01-04', 14400),
(126, 'B2', '2019-01-04', 14400),
(127, 'B3', '2019-01-04', 9600),
(128, 'B4', '2019-01-04', 9600),
(129, 'B5', '2019-01-04', 9600),
(130, 'A1', '2019-02-04', 14400),
(131, 'A2', '2019-02-04', 14400),
(132, 'A3', '2019-02-04', 9600),
(133, 'A4', '2019-02-04', 9600),
(134, 'A5', '2019-02-04', 9600),
(135, 'B1', '2019-02-04', 14400),
(136, 'B2', '2019-02-04', 14400),
(137, 'B3', '2019-02-04', 9600),
(138, 'B4', '2019-02-04', 9600),
(139, 'B5', '2019-02-04', 9600),
(140, 'A1', '2019-03-04', 14400),
(141, 'A2', '2019-03-04', 14400),
(142, 'A3', '2019-03-04', 9600),
(143, 'A4', '2019-03-04', 9600),
(144, 'A5', '2019-03-04', 9600),
(145, 'B1', '2019-03-04', 14400),
(146, 'B2', '2019-03-04', 14400),
(148, 'B5', '2019-03-04', 9600),
(153, 'B4', '2019-03-04', 9500);

-- --------------------------------------------------------

--
-- Tábla szerkezet ehhez a táblához `koltseg`
--

CREATE TABLE `koltseg` (
  `koltsegid` int(11) NOT NULL,
  `datum` date NOT NULL,
  `nmdij` int(11) NOT NULL
) ENGINE=InnoDB;

--
-- A tábla adatainak kiíratása `koltseg`
--

INSERT INTO `koltseg` (`koltsegid`, `datum`, `nmdij`) VALUES
(13, '2018-05-01', 150),
(14, '2019-01-01', 160);

-- --------------------------------------------------------

--
-- Tábla szerkezet ehhez a táblához `lakasok`
--

CREATE TABLE `lakasok` (
  `lakasid` varchar(3),
  `terulet` int(11) NOT NULL,
  `nev` varchar(50) NOT NULL
) ENGINE=InnoDB;

--
-- A tábla adatainak kiíratása `lakasok`
--

INSERT INTO `lakasok` (`lakasid`, `terulet`, `nev`) VALUES
('A1', 90, 'Balázs Róbert'),
('A2', 90, 'Nagy József'),
('A3', 60, 'Fazekas Sándor'),
('A4', 60, 'Sipos Attila'),
('A5', 60, 'Helmeczi Ildikó'),
('B1', 90, 'Kalászi József'),
('B2', 90, 'Szabó Sándor'),
('B3', 60, 'Juhász András'),
('B4', 60, 'Antal Erika'),
('B5', 60, 'Spitzer Gábor');

--
-- Indexek a kiírt táblákhoz
--

--
-- A tábla indexei `befizetesek`
--
ALTER TABLE `befizetesek`
  ADD PRIMARY KEY (`befizid`),
  ADD KEY `lakas` (`lakasid`);

--
-- A tábla indexei `koltseg`
--
ALTER TABLE `koltseg`
  ADD PRIMARY KEY (`koltsegid`),
  ADD UNIQUE KEY `datum` (`datum`);

--
-- A tábla indexei `lakasok`
--
ALTER TABLE `lakasok`
  ADD PRIMARY KEY (`lakasid`);

--
-- A kiírt táblák AUTO_INCREMENT értéke
--

--
-- AUTO_INCREMENT a táblához `befizetesek`
--
ALTER TABLE `befizetesek`
  MODIFY `befizid` int(11) NOT NULL AUTO_INCREMENT, AUTO_INCREMENT=157;
--
-- AUTO_INCREMENT a táblához `koltseg`
--
ALTER TABLE `koltseg`
  MODIFY `koltsegid` int(11) NOT NULL AUTO_INCREMENT, AUTO_INCREMENT=27;

--
-- Megkötések a kiírt táblákhoz
--

--
-- Megkötések a táblához `befizetesek`
--
ALTER TABLE `befizetesek`
  ADD CONSTRAINT `befizetesek_ibfk_1` FOREIGN KEY (`lakasid`) REFERENCES `lakasok` (`lakasid`);

/*!40101 SET CHARACTER_SET_CLIENT=@OLD_CHARACTER_SET_CLIENT */;
/*!40101 SET CHARACTER_SET_RESULTS=@OLD_CHARACTER_SET_RESULTS */;
/*!40101 SET COLLATION_CONNECTION=@OLD_COLLATION_CONNECTION */;
